{
    "name": "root",
    "metadata": {
        "timer_format_version": "0.1.0",
        "start_time_seconds": "1726224345",
        "python_version": "3.9.13 (tags/v3.9.13:6de2ca5, May 17 2022, 16:36:42) [MSC v.1929 64 bit (AMD64)]",
        "command_line_arguments": "D:\\University Project\\Rosso2024\\Lofty2024\\venv\\Scripts\\mlagents-learn --run-id=FindPlayer2",
        "mlagents_version": "0.30.0",
        "mlagents_envs_version": "0.30.0",
        "communication_protocol_version": "1.5.0",
        "pytorch_version": "2.4.1+cpu",
        "numpy_version": "1.21.2",
        "end_time_seconds": "1726224478"
    },
    "total": 132.3625959,
    "count": 1,
    "self": 0.0027792999999860513,
    "children": {
        "run_training.setup": {
            "total": 0.04987660000000016,
            "count": 1,
            "self": 0.04987660000000016
        },
        "TrainerController.start_learning": {
            "total": 132.30994,
            "count": 1,
            "self": 0.00936410000002752,
            "children": {
                "TrainerController._reset_env": {
                    "total": 10.584613899999999,
                    "count": 1,
                    "self": 10.584613899999999
                },
                "TrainerController.advance": {
                    "total": 121.5884207,
                    "count": 928,
                    "self": 0.009020900000052734,
                    "children": {
                        "env_step": {
                            "total": 119.94233550000001,
                            "count": 928,
                            "self": 119.38602129999997,
                            "children": {
                                "SubprocessEnvManager._take_step": {
                                    "total": 0.5500219999999558,
                                    "count": 928,
                                    "self": 0.027151400000034798,
                                    "children": {
                                        "TorchPolicy.evaluate": {
                                            "total": 0.522870599999921,
                                            "count": 834,
                                            "self": 0.522870599999921
                                        }
                                    }
                                },
                                "workers": {
                                    "total": 0.006292200000094894,
                                    "count": 927,
                                    "self": 0.0,
                                    "children": {
                                        "worker_root": {
                                            "total": 60.167340599999896,
                                            "count": 927,
                                            "is_parallel": true,
                                            "self": 3.4564405999998016,
                                            "children": {
                                                "steps_from_proto": {
                                                    "total": 0.0004092999999993907,
                                                    "count": 1,
                                                    "is_parallel": true,
                                                    "self": 0.0001757999999973947,
                                                    "children": {
                                                        "_process_rank_one_or_two_observation": {
                                                            "total": 0.000233500000001996,
                                                            "count": 2,
                                                            "is_parallel": true,
                                                            "self": 0.000233500000001996
                                                        }
                                                    }
                                                },
                                                "UnityEnvironment.step": {
                                                    "total": 56.71049070000009,
                                                    "count": 927,
                                                    "is_parallel": true,
                                                    "self": 0.06141450000006898,
                                                    "children": {
                                                        "UnityEnvironment._generate_step_input": {
                                                            "total": 0.11143810000002041,
                                                            "count": 927,
                                                            "is_parallel": true,
                                                            "self": 0.11143810000002041
                                                        },
                                                        "communicator.exchange": {
                                                            "total": 56.37318649999997,
                                                            "count": 927,
                                                            "is_parallel": true,
                                                            "self": 56.37318649999997
                                                        },
                                                        "steps_from_proto": {
                                                            "total": 0.16445160000003511,
                                                            "count": 927,
                                                            "is_parallel": true,
                                                            "self": 0.08465650000001368,
                                                            "children": {
                                                                "_process_rank_one_or_two_observation": {
                                                                    "total": 0.07979510000002143,
                                                                    "count": 1854,
                                                                    "is_parallel": true,
                                                                    "self": 0.07979510000002143
                                                                }
                                                            }
                                                        }
                                                    }
                                                }
                                            }
                                        }
                                    }
                                }
                            }
                        },
                        "trainer_advance": {
                            "total": 1.6370642999999419,
                            "count": 927,
                            "self": 0.013991599999982895,
                            "children": {
                                "process_trajectory": {
                                    "total": 0.49777009999996125,
                                    "count": 927,
                                    "self": 0.49777009999996125
                                },
                                "_update_policy": {
                                    "total": 1.1253025999999977,
                                    "count": 1,
                                    "self": 0.8184735000000174,
                                    "children": {
                                        "TorchPPOOptimizer.update": {
                                            "total": 0.3068290999999803,
                                            "count": 30,