{
    "name": "root",
    "metadata": {
        "timer_format_version": "0.1.0",
        "start_time_seconds": "1726168033",
        "python_version": "3.9.13 (tags/v3.9.13:6de2ca5, May 17 2022, 16:36:42) [MSC v.1929 64 bit (AMD64)]",
        "command_line_arguments": "D:\\University Project\\Rosso2024\\Lofty2024\\venv\\Scripts\\mlagents-learn --run-id=Test2",
        "mlagents_version": "0.30.0",
        "mlagents_envs_version": "0.30.0",
        "communication_protocol_version": "1.5.0",
        "pytorch_version": "2.4.1+cpu",
        "numpy_version": "1.21.2",
        "end_time_seconds": "1726168151"
    },
    "total": 118.1163994,
    "count": 1,
    "self": 0.003021700000005012,
    "children": {
        "run_training.setup": {
            "total": 0.05060209999999987,
            "count": 1,
            "self": 0.05060209999999987
        },
        "TrainerController.start_learning": {
            "total": 118.0627756,
            "count": 1,
            "self": 0.036145199999836564,
            "children": {
                "TrainerController._reset_env": {
                    "total": 9.074806800000001,
                    "count": 1,
                    "self": 9.074806800000001
                },
                "TrainerController.advance": {
                    "total": 108.91199270000016,
                    "count": 4507,
                    "self": 0.03640989999964006,
                    "children": {
                        "env_step": {
                            "total": 108.66143720000028,
                            "count": 4507,
                            "self": 106.11160210000025,
                            "children": {
                                "SubprocessEnvManager._take_step": {
                                    "total": 2.521346300000056,
                                    "count": 4507,
                                    "self": 0.11445190000016225,
                                    "children": {
                                        "TorchPolicy.evaluate": {
                                            "total": 2.406894399999894,
                                            "count": 4507,
                                            "self": 2.406894399999894
                                        }
                                    }
                                },
                                "workers": {
                                    "total": 0.028488799999973224,
                                    "count": 4506,
                                    "self": 0.0,
                                    "children": {
                                        "worker_root": {
                                            "total": 47.56323890000006,
                                            "count": 4506,
                                            "is_parallel": true,
                                            "self": 5.316491200000023,
                                            "children": {
                                                "steps_from_proto": {
                                                    "total": 0.00028149999999982356,
                                                    "count": 1,
                                                    "is_parallel": true,
                                                    "self": 0.00013960000000068362,
                                                    "children": {
                                                        "_process_rank_one_or_two_observation": {
                                                            "total": 0.00014189999999913994,
                                                            "count": 2,
                                                            "is_parallel": true,
                                                            "self": 0.00014189999999913994
                                                        }
                                                    }
                                                },
                                                "UnityEnvironment.step": {
                                                    "total": 42.246466200000036,
                                                    "count": 4506,
                                                    "is_parallel": true,
                                                    "self": 0.15421940000025103,
                                                    "children": {
                                                        "UnityEnvironment._generate_step_input": {
                                                            "total": 0.13538419999990126,
                                                            "count": 4506,
                                                            "is_parallel": true,
                                                            "self": 0.13538419999990126
                                                        },
                                                        "communicator.exchange": {
                                                            "total": 41.44273949999987,
                                                            "count": 4506,
                                                            "is_parallel": true,
                                                            "self": 41.44273949999987
                                                        },
                                                        "steps_from_proto": {
                                                            "total": 0.5141231000000168,
                                                            "count": 4506,
                                                            "is_parallel": true,
                                                            "self": 0.30487070000029526,
                                                            "children": {
                                                                "_process_rank_one_or_two_observation": {
                                                                    "total": 0.20925239999972156,
                                                                    "count": 9012,
                                                                    "is_parallel": true,
                                                                    "self": 0.20925239999972156
                                                                }
                                                            }
                                                        }
                                                    }
                                                }
                                            }
                                        }
                                    }
                                }
                            }
                        },
                        "trainer_advance": {
                            "total": 0.21414560000024174,
                            "count": 4506,
                            "self": 0.03982160000036039,
                            "children": {
                                "process_trajectory": {
                                    "total": 0.17432399999988135,
                                    "count": 4506,
                                    "self": 0.17432399999988135
                                }
                            }
                        }
                    }
                },
                "TrainerController._save_models": {
                    "total": 0.03983089999999834,
                    "count": 1,
                    "self": 2.0599999999149077e-05,
                    "children": {
                        "RLTrainer._checkpoint": {
                            "total": 0.03981029999999919,
                            "count": 1,