{
    "name": "root",
    "metadata": {
        "timer_format_version": "0.1.0",
        "start_time_seconds": "1726224778",
        "python_version": "3.9.13 (tags/v3.9.13:6de2ca5, May 17 2022, 16:36:42) [MSC v.1929 64 bit (AMD64)]",
        "command_line_arguments": "D:\\University Project\\Rosso2024\\Lofty2024\\venv\\Scripts\\mlagents-learn --run-id=Test8",
        "mlagents_version": "0.30.0",
        "mlagents_envs_version": "0.30.0",
        "communication_protocol_version": "1.5.0",
        "pytorch_version": "2.4.1+cpu",
        "numpy_version": "1.21.2",
        "end_time_seconds": "1726224927"
    },
    "total": 149.0654155,
    "count": 1,
    "self": 10.004753000000022,
    "children": {
        "run_training.setup": {
            "total": 0.04649689999999995,
            "count": 1,
            "self": 0.04649689999999995
        },
        "TrainerController.start_learning": {
            "total": 139.01416559999998,
            "count": 1,
            "self": 0.034308599999803846,
            "children": {
                "TrainerController._reset_env": {
                    "total": 5.5848617,
                    "count": 1,
                    "self": 5.5848617
                },
                "TrainerController.advance": {
                    "total": 133.27656890000017,
                    "count": 2650,
                    "self": 0.026923700000196504,
                    "children": {
                        "env_step": {
                            "total": 128.97281680000015,
                            "count": 2650,
                            "self": 128.08734860000015,
                            "children": {
                                "SubprocessEnvManager._take_step": {
                                    "total": 0.8676173000000409,
                                    "count": 2651,
                                    "self": 0.08090400000007758,
                                    "children": {
                                        "TorchPolicy.evaluate": {
                                            "total": 0.7867132999999633,
                                            "count": 2378,
                                            "self": 0.7867132999999633
                                        }
                                    }
                                },
                                "workers": {
                                    "total": 0.017850899999939607,
                                    "count": 2649,
                                    "self": 0.0,
                                    "children": {
                                        "worker_root": {
                                            "total": 81.20332009999993,
                                            "count": 2649,
                                            "is_parallel": true,
                                            "self": 7.712038400000125,
                                            "children": {
                                                "steps_from_proto": {
                                                    "total": 0.002714499999998843,
                                                    "count": 2,
                                                    "is_parallel": true,
                                                    "self": 0.0001989000000026664,
                                                    "children": {
                                                        "_process_rank_one_or_two_observation": {
                                                            "total": 0.0025155999999961765,
                                                            "count": 4,
                                                            "is_parallel": true,
                                                            "self": 0.0025155999999961765
                                                        }
                                                    }
                                                },
                                                "UnityEnvironment.step": {
                                                    "total": 73.4885671999998,
                                                    "count": 2649,
                                                    "is_parallel": true,
                                                    "self": 0.17277470000014716,
                                                    "children": {
                                                        "UnityEnvironment._generate_step_input": {
                                                            "total": 0.2847239999998026,
                                                            "count": 2649,
                                                            "is_parallel": true,
                                                            "self": 0.2847239999998026
                                                        },
                                                        "communicator.exchange": {
                                                            "total": 72.62423929999989,
                                                            "count": 2649,
                                                            "is_parallel": true,
                                                            "self": 72.62423929999989
                                                        },
                                                        "steps_from_proto": {
                                                            "total": 0.40682919999998113,
                                                            "count": 2649,
                                                            "is_parallel": true,
                                                            "self": 0.14434710000001427,
                                                            "children": {
                                                                "_process_rank_one_or_two_observation": {
                                                                    "total": 0.26248209999996686,
                                                                    "count": 5298,
                                                                    "is_parallel": true,
                                                                    "self": 0.26248209999996686
                                                                }
                                                            }
                                                        }
                                                    }
                                                }
                                            }
                                        }
                                    }
                                }
                            }
                        },
                        "trainer_advance": {
                            "total": 4.276828399999839,
                            "count": 2649,
                            "self": 0.035714099999782256,
                            "children": {
                                "process_trajectory": {
                                    "total": 1.3639135000000628,
                                    "count": 2649,
                                    "self": 1.3639135000000628
                                },
                                "_update_policy": {
                                    "total": 2.8772007999999936,
                                    "count": 3,
                                    "self": 2.349916400000037,
                                    "children": {
                                        "TorchPPOOptimizer.update": {
                                            "total": 0.5272843999999566,
                                            "count": 90,