{
    "name": "root",
    "metadata": {
        "timer_format_version": "0.1.0",
        "start_time_seconds": "1726175236",
        "python_version": "3.9.13 (tags/v3.9.13:6de2ca5, May 17 2022, 16:36:42) [MSC v.1929 64 bit (AMD64)]",
        "command_line_arguments": "D:\\University Project\\Rosso2024\\Lofty2024\\venv\\Scripts\\mlagents-learn --run-id=EnemyAI",
        "mlagents_version": "0.30.0",
        "mlagents_envs_version": "0.30.0",
        "communication_protocol_version": "1.5.0",
        "pytorch_version": "2.4.1+cpu",
        "numpy_version": "1.21.2",
        "end_time_seconds": "1726175362"
    },
    "total": 125.9653649,
    "count": 1,
    "self": 0.0027993000000066104,
    "children": {
        "run_training.setup": {
            "total": 0.04261659999999989,
            "count": 1,
            "self": 0.04261659999999989
        },
        "TrainerController.start_learning": {
            "total": 125.91994899999999,
            "count": 1,
            "self": 0.008673499999957812,
            "children": {
                "TrainerController._reset_env": {
                    "total": 31.7266881,
                    "count": 1,
                    "self": 31.7266881
                },
                "TrainerController.advance": {
                    "total": 94.09353970000004,
                    "count": 779,
                    "self": 0.008572900000160644,
                    "children": {
                        "env_step": {
                            "total": 92.2178366,
                            "count": 779,
                            "self": 91.63141000000022,
                            "children": {
                                "SubprocessEnvManager._take_step": {
                                    "total": 0.5806584999999131,
                                    "count": 779,
                                    "self": 0.029301399999937416,
                                    "children": {
                                        "TorchPolicy.evaluate": {
                                            "total": 0.5513570999999757,
                                            "count": 757,
                                            "self": 0.5513570999999757
                                        }
                                    }
                                },
                                "workers": {
                                    "total": 0.005768099999876597,
                                    "count": 778,
                                    "self": 0.0,
                                    "children": {
                                        "worker_root": {
                                            "total": 32.930835500000114,
                                            "count": 778,
                                            "is_parallel": true,
                                            "self": 3.8011308000000454,
                                            "children": {
                                                "steps_from_proto": {
                                                    "total": 0.0033543000000015866,
                                                    "count": 1,
                                                    "is_parallel": true,
                                                    "self": 0.001094600000001833,
                                                    "children": {
                                                        "_process_rank_one_or_two_observation": {
                                                            "total": 0.0022596999999997536,
                                                            "count": 2,
                                                            "is_parallel": true,
                                                            "self": 0.0022596999999997536
                                                        }
                                                    }
                                                },
                                                "UnityEnvironment.step": {
                                                    "total": 29.126350400000067,
                                                    "count": 778,
                                                    "is_parallel": true,
                                                    "self": 0.06350450000011065,
                                                    "children": {
                                                        "UnityEnvironment._generate_step_input": {
                                                            "total": 0.13788630000005853,
                                                            "count": 778,
                                                            "is_parallel": true,
                                                            "self": 0.13788630000005853
                                                        },
                                                        "communicator.exchange": {
                                                            "total": 28.757419399999918,
                                                            "count": 778,
                                                            "is_parallel": true,
                                                            "self": 28.757419399999918
                                                        },
                                                        "steps_from_proto": {
                                                            "total": 0.16754019999997993,
                                                            "count": 778,
                                                            "is_parallel": true,
                                                            "self": 0.07959320000003345,
                                                            "children": {
                                                                "_process_rank_one_or_two_observation": {
                                                                    "total": 0.08794699999994648,
                                                                    "count": 1556,
                                                                    "is_parallel": true,
                                                                    "self": 0.08794699999994648
                                                                }
                                                            }
                                                        }
                                                    }
                                                }
                                            }
                                        }
                                    }
                                }
                            }
                        },
                        "trainer_advance": {
                            "total": 1.8671301999998704,
                            "count": 778,
                            "self": 0.01054669999989244,
                            "children": {
                                "process_trajectory": {
                                    "total": 0.5272891999999771,
                                    "count": 778,
                                    "self": 0.5272891999999771
                                },
                                "_update_policy": {
                                    "total": 1.3292943000000008,
                                    "count": 1,
                                    "self": 0.8974042999999625,
                                    "children": {
                                        "TorchPPOOptimizer.update": {
                                            "total": 0.4318900000000383,
                                            "count": 33,