{
    "name": "root",
    "gauges": {
        "MoveToPlayer.Policy.Entropy.mean": {
            "value": 1.3642107248306274,
            "min": 1.3642107248306274,
            "max": 1.420688271522522,
            "count": 10
        },
        "MoveToPlayer.Policy.Entropy.sum": {
            "value": 68123.2265625,
            "min": 68123.2265625,
            "max": 71398.109375,
            "count": 10
        },
        "MoveToPlayer.Environment.EpisodeLength.mean": {
            "value": 195.234126984127,
            "min": 33.657182512144345,
            "max": 195.234126984127,
            "count": 10
        },
        "MoveToPlayer.Environment.EpisodeLength.sum": {
            "value": 49199.0,
            "min": 48500.0,
            "max": 50147.0,
            "count": 10
        },
        "MoveToPlayer.Step.mean": {
            "value": 499942.0,
            "min": 49955.0,
            "max": 499942.0,
            "count": 10
        },
        "MoveToPlayer.Step.sum": {
            "value": 499942.0,
            "min": 49955.0,
            "max": 499942.0,
            "count": 10
        },
        "MoveToPlayer.Policy.ExtrinsicValueEstimate.mean": {
            "value": -0.06195920333266258,
            "min": -0.6905570030212402,
            "max": -0.06195920333266258,
            "count": 10
        },
        "MoveToPlayer.Policy.ExtrinsicValueEstimate.sum": {
            "value": -61.71136474609375,
            "min": -890.8185424804688,
            "max": -61.71136474609375,
            "count": 10
        },
        "MoveToPlayer.Environment.CumulativeReward.mean": {
            "value": -0.04365079365079365,
            "min": -0.9972222222222222,
            "max": -0.04365079365079365,
            "count": 10
        },
        "MoveToPlayer.Environment.CumulativeReward.sum": {
            "value": -11.0,
            "min": -1436.0,
            "max": -11.0,
            "count": 10
        },
        "MoveToPlayer.Policy.ExtrinsicReward.mean": {
            "value": -0.04365079365079365,
            "min": -0.9972222222222222,
            "max": -0.04365079365079365,
            "count": 10
        },
        "MoveToPlayer.Policy.ExtrinsicReward.sum": {
            "value": -11.0,
            "min": -1436.0,
            "max": -11.0,
            "count": 10
        },
        "MoveToPlayer.Losses.PolicyLoss.mean": {
            "value": 0.022824702734554496,
            "min": 0.021101414338924464,
            "max": 0.023836615887703375,
            "count": 10
        },
        "MoveToPlayer.Losses.PolicyLoss.sum": {
            "value": 0.11412351367277249,
            "min": 0.08440565735569786,
            "max": 0.11918307943851687,
            "count": 10
        },
        "MoveToPlayer.Losses.ValueLoss.mean": {
            "value": 0.001992694223542154,
            "min": 0.001992694223542154,
            "max": 0.12127577940312524,
            "count": 10
        },
        "MoveToPlayer.Losses.ValueLoss.sum": {
            "value": 0.009963471117710771,
            "min": 0.009963471117710771,
            "max": 0.48510311761250097,
            "count": 10
        },
        "MoveToPlayer.Policy.LearningRate.mean": {
            "value": 1.6253734582119994e-05,
            "min": 1.6253734582119994e-05,
            "max": 0.00028455690514769995,
            "count": 10
        },
        "MoveToPlayer.Policy.LearningRate.sum": {
            "value": 8.126867291059997e-05,
            "min": 8.126867291059997e-05,
            "max": 0.001283907072031,
            "count": 10
        },
        "MoveToPlayer.Policy.Epsilon.mean": {
            "value": 0.10541787999999999,
            "min": 0.10541787999999999,
            "max": 0.1948523,
            "count": 10
        },
        "MoveToPlayer.Policy.Epsilon.sum": {
            "value": 0.5270893999999999,
            "min": 0.4997335999999999,
            "max": 0.9279690000000002,
            "count": 10
        },
        "MoveToPlayer.Policy.Beta.mean": {
            "value": 0.0002803522120000001,
            "min": 0.0002803522120000001,
            "max": 0.00474312977,
            "count": 10
        },
        "MoveToPlayer.Policy.Beta.sum": {
            "value": 0.0014017610600000005,
            "min": 0.0014017610600000005,
            "max": 0.0214056531,
            "count": 10
        },
        "MoveToPlayer.IsTraining.mean": {
            "value": 1.0,
            "min": 1.0,
            "max": 1.0,
            "count": 10
        },
        "MoveToPlayer.IsTraining.sum": {
            "value": 1.0,
            "min": 1.0,
            "max": 1.0,
            "count": 10
        }
    },
    "metadata": {
        "timer_format_version": "0.1.0",
        "start_time_seconds": "1726219611",
        "python_version": "3.9.13 (tags/v3.9.13:6de2ca5, May 17 2022, 16:36:42) [MSC v.1929 64 bit (AMD64)]",
        "command_line_arguments": "D:\\University Project\\Rosso2024\\Lofty2024\\venv\\Scripts\\mlagents-learn --run-id=MoveToPlayerTurn",
        "mlagents_version": "0.30.0",
        "mlagents_envs_version": "0.30.0",
        "communication_protocol_version": "1.5.0",
        "pytorch_version": "2.4.1+cpu",
        "numpy_version": "1.21.2",
        "end_time_seconds": "1726220566"
    },
    "total": 954.1462695,
    "count": 1,
    "self": 0.0061361000000488275,
    "children": {
        "run_training.setup": {
            "total": 0.07452009999999998,
            "count": 1,
            "self": 0.07452009999999998
        },
        "TrainerController.start_learning": {
            "total": 954.0656133,
            "count": 1,
            "self": 0.3275652999979002,
            "children": {
                "TrainerController._reset_env": {
                    "total": 8.482759099999999,
                    "count": 1,
                    "self": 8.482759099999999
                },
                "TrainerController.advance": {
                    "total": 945.2158802000021,
                    "count": 33686,
                    "self": 0.3040245000063351,
                    "children": {
                        "env_step": {
                            "total": 873.7917063999955,
                            "count": 33686,
                            "self": 853.3607191999819,
                            "children": {
                                "SubprocessEnvManager._take_step": {
                                    "total": 20.214604800008004,
                                    "count": 33686,
                                    "self": 0.9682227000090222,
                                    "children": {
                                        "TorchPolicy.evaluate": {
                                            "total": 19.246382099998982,
                                            "count": 31276,
                                            "self": 19.246382099998982
                                        }
                                    }
                                },
                                "workers": {
                                    "total": 0.2163824000056458,
                                    "count": 33686,
                                    "self": 0.0,
                                    "children": {
                                        "worker_root": {
                                            "total": 945.7350147999989,
                                            "count": 33686,
                                            "is_parallel": true,
                                            "self": 115.43684669999402,
                                            "children": {
                                                "steps_from_proto": {
                                                    "total": 0.0006865999999998706,
                                                    "count": 1,
                                                    "is_parallel": true,