{
    "name": "root",
    "metadata": {
        "timer_format_version": "0.1.0",
        "start_time_seconds": "1726227742",
        "python_version": "3.9.13 (tags/v3.9.13:6de2ca5, May 17 2022, 16:36:42) [MSC v.1929 64 bit (AMD64)]",
        "command_line_arguments": "D:\\University Project\\Rosso2024\\Lofty2024\\venv\\Scripts\\mlagents-learn --run-id=Test16",
        "mlagents_version": "0.30.0",
        "mlagents_envs_version": "0.30.0",
        "communication_protocol_version": "1.5.0",
        "pytorch_version": "2.4.1+cpu",
        "numpy_version": "1.21.2",
        "end_time_seconds": "1726227826"
    },
    "total": 84.0699123,
    "count": 1,
    "self": 0.003835199999997485,
    "children": {
        "run_training.setup": {
            "total": 0.05374209999999979,
            "count": 1,
            "self": 0.05374209999999979
        },
        "TrainerController.start_learning": {
            "total": 84.01233500000001,
            "count": 1,
            "self": 0.0215051000000841,
            "children": {
                "TrainerController._reset_env": {
                    "total": 8.093561999999999,
                    "count": 1,
                    "self": 8.093561999999999
                },
                "TrainerController.advance": {
                    "total": 75.77891879999993,
                    "count": 2567,
                    "self": 0.02158389999996757,
                    "children": {
                        "env_step": {
                            "total": 75.64034119999991,
                            "count": 2567,
                            "self": 74.51213839999998,
                            "children": {
                                "SubprocessEnvManager._take_step": {
                                    "total": 1.1124991999998937,
                                    "count": 2567,
                                    "self": 0.06249109999990665,
                                    "children": {
                                        "TorchPolicy.evaluate": {
                                            "total": 1.050008099999987,
                                            "count": 2504,
                                            "self": 1.050008099999987
                                        }
                                    }
                                },
                                "workers": {
                                    "total": 0.015703600000037454,
                                    "count": 2566,
                                    "self": 0.0,
                                    "children": {
                                        "worker_root": {
                                            "total": 14.526972999999947,
                                            "count": 2566,
                                            "is_parallel": true,
                                            "self": 3.0437728999998885,
                                            "children": {
                                                "steps_from_proto": {
                                                    "total": 0.003205700000000533,
                                                    "count": 1,
                                                    "is_parallel": true,
                                                    "self": 0.0010167000000009807,
                                                    "children": {
                                                        "_process_rank_one_or_two_observation": {
                                                            "total": 0.0021889999999995524,
                                                            "count": 2,
                                                            "is_parallel": true,
                                                            "self": 0.0021889999999995524
                                                        }
                                                    }
                                                },
                                                "UnityEnvironment.step": {
                                                    "total": 11.479994400000058,
                                                    "count": 2566,
                                                    "is_parallel": true,
                                                    "self": 0.08826840000006264,
                                                    "children": {
                                                        "UnityEnvironment._generate_step_input": {
                                                            "total": 0.0732232999999809,
                                                            "count": 2566,
                                                            "is_parallel": true,
                                                            "self": 0.0732232999999809
                                                        },
                                                        "communicator.exchange": {
                                                            "total": 11.01856200000001,
                                                            "count": 2566,
                                                            "is_parallel": true,
                                                            "self": 11.01856200000001
                                                        },
                                                        "steps_from_proto": {
                                                            "total": 0.29994070000000406,
                                                            "count": 2566,
                                                            "is_parallel": true,
                                                            "self": 0.1715167000000708,
                                                            "children": {
                                                                "_process_rank_one_or_two_observation": {
                                                                    "total": 0.12842399999993326,
                                                                    "count": 5132,
                                                                    "is_parallel": true,
                                                                    "self": 0.12842399999993326
                                                                }
                                                            }
                                                        }
                                                    }
                                                }
                                            }
                                        }
                                    }
                                }
                            }
                        },
                        "trainer_advance": {
                            "total": 0.11699370000005338,
                            "count": 2566,
                            "self": 0.022584400000061677,
                            "children": {
                                "process_trajectory": {
                                    "total": 0.0944092999999917,
                                    "count": 2566,
                                    "self": 0.0944092999999917
                                }
                            }
                        }
                    }
                },
                "TrainerController._save_models": {
                    "total": 0.1183491000000032,
                    "count": 1,
                    "self": 0.006995600000010427,
                    "children": {
                        "RLTrainer._checkpoint": {
                            "total": 0.11135349999999278,
                            "count": 1,