{
    "name": "root",
    "metadata": {
        "timer_format_version": "0.1.0",
        "start_time_seconds": "1726224280",
        "python_version": "3.9.13 (tags/v3.9.13:6de2ca5, May 17 2022, 16:36:42) [MSC v.1929 64 bit (AMD64)]",
        "command_line_arguments": "D:\\University Project\\Rosso2024\\Lofty2024\\venv\\Scripts\\mlagents-learn --run-id=FindPlayer",
        "mlagents_version": "0.30.0",
        "mlagents_envs_version": "0.30.0",
        "communication_protocol_version": "1.5.0",
        "pytorch_version": "2.4.1+cpu",
        "numpy_version": "1.21.2",
        "end_time_seconds": "1726224323"
    },
    "total": 43.2910981,
    "count": 1,
    "self": 0.007258899999996515,
    "children": {
        "run_training.setup": {
            "total": 0.049291900000000055,
            "count": 1,
            "self": 0.049291900000000055
        },
        "TrainerController.start_learning": {
            "total": 43.2345473,
            "count": 1,
            "self": 0.008176799999993989,
            "children": {
                "TrainerController._reset_env": {
                    "total": 8.219277600000002,
                    "count": 1,
                    "self": 8.219277600000002
                },
                "TrainerController.advance": {
                    "total": 34.88018790000001,
                    "count": 760,
                    "self": 0.0075849999999633155,
                    "children": {
                        "env_step": {
                            "total": 34.1167747,
                            "count": 760,
                            "self": 33.61191769999996,
                            "children": {
                                "SubprocessEnvManager._take_step": {
                                    "total": 0.4998239999999985,
                                    "count": 761,
                                    "self": 0.022192200000004547,
                                    "children": {
                                        "TorchPolicy.evaluate": {
                                            "total": 0.47763179999999394,
                                            "count": 682,
                                            "self": 0.47763179999999394
                                        }
                                    }
                                },
                                "workers": {
                                    "total": 0.005033000000047139,
                                    "count": 760,
                                    "self": 0.0,
                                    "children": {
                                        "worker_root": {
                                            "total": 23.46039830000001,
                                            "count": 760,
                                            "is_parallel": true,
                                            "self": 2.174186900000027,
                                            "children": {
                                                "steps_from_proto": {
                                                    "total": 0.0034410999999998637,
                                                    "count": 2,
                                                    "is_parallel": true,
                                                    "self": 0.0009433000000012015,
                                                    "children": {
                                                        "_process_rank_one_or_two_observation": {
                                                            "total": 0.002497799999998662,
                                                            "count": 4,
                                                            "is_parallel": true,
                                                            "self": 0.002497799999998662
                                                        }
                                                    }
                                                },
                                                "UnityEnvironment.step": {
                                                    "total": 21.28277029999998,
                                                    "count": 760,
                                                    "is_parallel": true,
                                                    "self": 0.05116829999993655,
                                                    "children": {
                                                        "UnityEnvironment._generate_step_input": {
                                                            "total": 0.09206939999998731,
                                                            "count": 760,
                                                            "is_parallel": true,
                                                            "self": 0.09206939999998731
                                                        },
                                                        "communicator.exchange": {
                                                            "total": 21.002347399999998,
                                                            "count": 760,
                                                            "is_parallel": true,
                                                            "self": 21.002347399999998
                                                        },
                                                        "steps_from_proto": {
                                                            "total": 0.13718520000005974,
                                                            "count": 760,
                                                            "is_parallel": true,
                                                            "self": 0.06999330000002146,
                                                            "children": {
                                                                "_process_rank_one_or_two_observation": {
                                                                    "total": 0.06719190000003827,
                                                                    "count": 1520,
                                                                    "is_parallel": true,
                                                                    "self": 0.06719190000003827
                                                                }
                                                            }
                                                        }
                                                    }
                                                }
                                            }
                                        }
                                    }
                                }
                            }
                        },
                        "trainer_advance": {
                            "total": 0.7558282000000425,
                            "count": 760,
                            "self": 0.011527500000088509,
                            "children": {
                                "process_trajectory": {
                                    "total": 0.4103037999999515,
                                    "count": 760,
                                    "self": 0.4103037999999515
                                },
                                "_update_policy": {
                                    "total": 0.3339969000000025,
                                    "count": 1,
                                    "self": 0.3040755000000033,
                                    "children": {
                                        "TorchPPOOptimizer.update": {
                                            "total": 0.02992139999999921,
                                            "count": 1,