{
    "name": "root",
    "metadata": {
        "timer_format_version": "0.1.0",
        "start_time_seconds": "1726217422",
        "python_version": "3.9.13 (tags/v3.9.13:6de2ca5, May 17 2022, 16:36:42) [MSC v.1929 64 bit (AMD64)]",
        "command_line_arguments": "D:\\University Project\\Rosso2024\\Lofty2024\\venv\\Scripts\\mlagents-learn --run-id=TestOnnx",
        "mlagents_version": "0.30.0",
        "mlagents_envs_version": "0.30.0",
        "communication_protocol_version": "1.5.0",
        "pytorch_version": "2.4.1+cpu",
        "numpy_version": "1.21.2",
        "end_time_seconds": "1726217586"
    },
    "total": 163.69562539999998,
    "count": 1,
    "self": 0.0032847999999887634,
    "children": {
        "run_training.setup": {
            "total": 0.08981709999999987,
            "count": 1,
            "self": 0.08981709999999987
        },
        "TrainerController.start_learning": {
            "total": 163.6025235,
            "count": 1,
            "self": 0.1419125999999835,
            "children": {
                "TrainerController._reset_env": {
                    "total": 7.152141700000001,
                    "count": 1,
                    "self": 7.152141700000001
                },
                "TrainerController.advance": {
                    "total": 156.18008989999998,
                    "count": 17376,
                    "self": 0.14434180000031915,
                    "children": {
                        "env_step": {
                            "total": 154.05975409999954,
                            "count": 17376,
                            "self": 144.4971991000002,
                            "children": {
                                "SubprocessEnvManager._take_step": {
                                    "total": 9.459195599999411,
                                    "count": 17376,
                                    "self": 0.42226449999937365,
                                    "children": {
                                        "TorchPolicy.evaluate": {
                                            "total": 9.036931100000038,
                                            "count": 17097,
                                            "self": 9.036931100000038
                                        }
                                    }
                                },
                                "workers": {
                                    "total": 0.1033593999999276,
                                    "count": 17375,
                                    "self": 0.0,
                                    "children": {
                                        "worker_root": {
                                            "total": 95.18995280000013,
                                            "count": 17375,
                                            "is_parallel": true,
                                            "self": 19.943137399998946,
                                            "children": {
                                                "steps_from_proto": {
                                                    "total": 0.0033285000000002896,
                                                    "count": 1,
                                                    "is_parallel": true,
                                                    "self": 0.0010924000000001044,
                                                    "children": {
                                                        "_process_rank_one_or_two_observation": {
                                                            "total": 0.002236100000000185,
                                                            "count": 2,
                                                            "is_parallel": true,
                                                            "self": 0.002236100000000185
                                                        }
                                                    }
                                                },
                                                "UnityEnvironment.step": {
                                                    "total": 75.24348690000119,
                                                    "count": 17375,
                                                    "is_parallel": true,
                                                    "self": 0.5819507000014283,
                                                    "children": {
                                                        "UnityEnvironment._generate_step_input": {
                                                            "total": 0.5122046999995096,
                                                            "count": 17375,
                                                            "is_parallel": true,
                                                            "self": 0.5122046999995096
                                                        },
                                                        "communicator.exchange": {
                                                            "total": 72.36216530000023,
                                                            "count": 17375,
                                                            "is_parallel": true,
                                                            "self": 72.36216530000023
                                                        },
                                                        "steps_from_proto": {
                                                            "total": 1.7871662000000175,
                                                            "count": 17375,
                                                            "is_parallel": true,
                                                            "self": 1.1216658000013995,
                                                            "children": {
                                                                "_process_rank_one_or_two_observation": {
                                                                    "total": 0.665500399998618,
                                                                    "count": 34750,
                                                                    "is_parallel": true,
                                                                    "self": 0.665500399998618
                                                                }
                                                            }
                                                        }
                                                    }
                                                }
                                            }
                                        }
                                    }
                                }
                            }
                        },
                        "trainer_advance": {
                            "total": 1.9759940000001315,
                            "count": 17375,
                            "self": 0.14637110000049702,
                            "children": {
                                "process_trajectory": {
                                    "total": 0.6421325999996412,
                                    "count": 17375,
                                    "self": 0.6421325999996412
                                },
                                "_update_policy": {
                                    "total": 1.1874902999999932,
                                    "count": 1,
                                    "self": 0.8055042999999671,
                                    "children": {
                                        "TorchPPOOptimizer.update": {
                                            "total": 0.38198600000002614,
                                            "count": 30,