{
    "name": "root",
    "metadata": {
        "timer_format_version": "0.1.0",
        "start_time_seconds": "1726173852",
        "python_version": "3.9.13 (tags/v3.9.13:6de2ca5, May 17 2022, 16:36:42) [MSC v.1929 64 bit (AMD64)]",
        "command_line_arguments": "D:\\University Project\\Rosso2024\\Lofty2024\\venv\\Scripts\\mlagents-learn --run-id=Test6",
        "mlagents_version": "0.30.0",
        "mlagents_envs_version": "0.30.0",
        "communication_protocol_version": "1.5.0",
        "pytorch_version": "2.4.1+cpu",
        "numpy_version": "1.21.2",
        "end_time_seconds": "1726173931"
    },
    "total": 79.317864,
    "count": 1,
    "self": 0.0027637999999967633,
    "children": {
        "run_training.setup": {
            "total": 0.044612499999999944,
            "count": 1,
            "self": 0.044612499999999944
        },
        "TrainerController.start_learning": {
            "total": 79.2704877,
            "count": 1,
            "self": 0.029321399999972186,
            "children": {
                "TrainerController._reset_env": {
                    "total": 7.6051234999999995,
                    "count": 1,
                    "self": 7.6051234999999995
                },
                "TrainerController.advance": {
                    "total": 71.56062490000004,
                    "count": 3589,
                    "self": 0.02968990000012184,
                    "children": {
                        "env_step": {
                            "total": 71.37047309999996,
                            "count": 3589,
                            "self": 69.32355139999997,
                            "children": {
                                "SubprocessEnvManager._take_step": {
                                    "total": 2.0253694000000007,
                                    "count": 3589,
                                    "self": 0.08957590000001048,
                                    "children": {
                                        "TorchPolicy.evaluate": {
                                            "total": 1.9357934999999902,
                                            "count": 3557,
                                            "self": 1.9357934999999902
                                        }
                                    }
                                },
                                "workers": {
                                    "total": 0.021552299999981983,
                                    "count": 3588,
                                    "self": 0.0,
                                    "children": {
                                        "worker_root": {
                                            "total": 21.036386699999987,
                                            "count": 3588,
                                            "is_parallel": true,
                                            "self": 4.490185000000011,
                                            "children": {
                                                "steps_from_proto": {
                                                    "total": 0.001204000000000427,
                                                    "count": 1,
                                                    "is_parallel": true,
                                                    "self": 0.00032090000000106755,
                                                    "children": {
                                                        "_process_rank_one_or_two_observation": {
                                                            "total": 0.0008830999999993594,
                                                            "count": 2,
                                                            "is_parallel": true,
                                                            "self": 0.0008830999999993594
                                                        }
                                                    }
                                                },
                                                "UnityEnvironment.step": {
                                                    "total": 16.544997699999975,
                                                    "count": 3588,
                                                    "is_parallel": true,
                                                    "self": 0.1198689000001707,
                                                    "children": {
                                                        "UnityEnvironment._generate_step_input": {
                                                            "total": 0.10599449999985655,
                                                            "count": 3588,
                                                            "is_parallel": true,
                                                            "self": 0.10599449999985655
                                                        },
                                                        "communicator.exchange": {
                                                            "total": 15.91571720000002,
                                                            "count": 3588,
                                                            "is_parallel": true,
                                                            "self": 15.91571720000002
                                                        },
                                                        "steps_from_proto": {
                                                            "total": 0.4034170999999258,
                                                            "count": 3588,
                                                            "is_parallel": true,
                                                            "self": 0.23564199999977653,
                                                            "children": {
                                                                "_process_rank_one_or_two_observation": {
                                                                    "total": 0.16777510000014928,
                                                                    "count": 7176,
                                                                    "is_parallel": true,
                                                                    "self": 0.16777510000014928
                                                                }
                                                            }
                                                        }
                                                    }
                                                }
                                            }
                                        }
                                    }
                                }
                            }
                        },
                        "trainer_advance": {
                            "total": 0.16046189999996052,
                            "count": 3588,
                            "self": 0.03078539999996721,
                            "children": {
                                "process_trajectory": {
                                    "total": 0.1296764999999933,
                                    "count": 3588,
                                    "self": 0.1296764999999933
                                }
                            }
                        }
                    }
                },
                "trainer_threads": {
                    "total": 7.000000010748408e-07,
                    "count": 1,
                    "self": 7.000000010748408e-07
                },
                "TrainerController._save_models": {
                    "total": 0.07541719999998975,
                    "count": 1,
                    "self": 2.0399999982601003e-05,