{
    "name": "root",
    "metadata": {
        "timer_format_version": "0.1.0",
        "start_time_seconds": "1726226508",
        "python_version": "3.9.13 (tags/v3.9.13:6de2ca5, May 17 2022, 16:36:42) [MSC v.1929 64 bit (AMD64)]",
        "command_line_arguments": "D:\\University Project\\Rosso2024\\Lofty2024\\venv\\Scripts\\mlagents-learn --run-id=Test15",
        "mlagents_version": "0.30.0",
        "mlagents_envs_version": "0.30.0",
        "communication_protocol_version": "1.5.0",
        "pytorch_version": "2.4.1+cpu",
        "numpy_version": "1.21.2",
        "end_time_seconds": "1726226640"
    },
    "total": 131.77385199999998,
    "count": 1,
    "self": 0.0033106999999859,
    "children": {
        "run_training.setup": {
            "total": 0.05275059999999998,
            "count": 1,
            "self": 0.05275059999999998
        },
        "TrainerController.start_learning": {
            "total": 131.7177907,
            "count": 1,
            "self": 0.012008799999961184,
            "children": {
                "TrainerController._reset_env": {
                    "total": 7.7781628,
                    "count": 1,
                    "self": 7.7781628
                },
                "TrainerController.advance": {
                    "total": 123.81303870000004,
                    "count": 1464,
                    "self": 0.01214760000000581,
                    "children": {
                        "env_step": {
                            "total": 123.74146810000005,
                            "count": 1464,
                            "self": 123.27441940000013,
                            "children": {
                                "SubprocessEnvManager._take_step": {
                                    "total": 0.45847129999994607,
                                    "count": 1464,
                                    "self": 0.038100399999967394,
                                    "children": {
                                        "TorchPolicy.evaluate": {
                                            "total": 0.4203708999999787,
                                            "count": 1464,
                                            "self": 0.4203708999999787
                                        }
                                    }
                                },
                                "workers": {
                                    "total": 0.00857739999996987,
                                    "count": 1463,
                                    "self": 0.0,
                                    "children": {
                                        "worker_root": {
                                            "total": 9.448956499999978,
                                            "count": 1463,
                                            "is_parallel": true,
                                            "self": 1.8963410999999093,
                                            "children": {
                                                "steps_from_proto": {
                                                    "total": 0.0022884999999996936,
                                                    "count": 1,
                                                    "is_parallel": true,
                                                    "self": 8.840000000009951e-05,
                                                    "children": {
                                                        "_process_rank_one_or_two_observation": {
                                                            "total": 0.002200099999999594,
                                                            "count": 2,
                                                            "is_parallel": true,
                                                            "self": 0.002200099999999594
                                                        }
                                                    }
                                                },
                                                "UnityEnvironment.step": {
                                                    "total": 7.550326900000069,
                                                    "count": 1463,
                                                    "is_parallel": true,
                                                    "self": 0.0488858000001029,
                                                    "children": {
                                                        "UnityEnvironment._generate_step_input": {
                                                            "total": 0.04169210000001122,
                                                            "count": 1463,
                                                            "is_parallel": true,
                                                            "self": 0.04169210000001122
                                                        },
                                                        "communicator.exchange": {
                                                            "total": 7.342064600000003,
                                                            "count": 1463,
                                                            "is_parallel": true,
                                                            "self": 7.342064600000003
                                                        },
                                                        "steps_from_proto": {
                                                            "total": 0.11768439999995195,
                                                            "count": 1463,
                                                            "is_parallel": true,
                                                            "self": 0.06101759999983081,
                                                            "children": {
                                                                "_process_rank_one_or_two_observation": {
                                                                    "total": 0.05666680000012114,
                                                                    "count": 2926,
                                                                    "is_parallel": true,
                                                                    "self": 0.05666680000012114
                                                                }
                                                            }
                                                        }
                                                    }
                                                }
                                            }
                                        }
                                    }
                                }
                            }
                        },
                        "trainer_advance": {
                            "total": 0.05942299999998113,
                            "count": 1463,
                            "self": 0.012208600000001013,
                            "children": {
                                "process_trajectory": {
                                    "total": 0.04721439999998012,
                                    "count": 1463,
                                    "self": 0.04721439999998012
                                }
                            }
                        }
                    }
                },
                "TrainerController._save_models": {
                    "total": 0.11458039999999414,
                    "count": 1,
                    "self": 0.008792999999997164,
                    "children": {
                        "RLTrainer._checkpoint": {
                            "total": 0.10578739999999698,
                            "count": 1,